{
  "train_loss": [
    0.41830677034330327,
    0.15543545324361094,
    0.11746608380441895,
    0.09930087595597988,
    0.08320514575071339,
    0.07083575315684999,
    0.06512834115730706,
    0.060812622371747775,
    0.061422387669230076,
    0.05716162033463203,
    0.05275149368180907,
    0.048239271564265856,
    0.05001491286328899,
    0.047235612479378894,
    0.048505666522365175,
    0.04601591361174436,
    0.04349054267148322,
    0.04202022592451104,
    0.044189293969337566,
    0.044449956174551546
  ],
  "train_accuracy": [
    0.86632,
    0.95214,
    0.96288,
    0.9692,
    0.97382,
    0.97756,
    0.97918,
    0.98158,
    0.98086,
    0.98224,
    0.98354,
    0.98424,
    0.98442,
    0.98526,
    0.985,
    0.98552,
    0.98634,
    0.98666,
    0.9861,
    0.9863
  ],
  "val_loss": [
    0.09550627151143125,
    0.06799412267450616,
    0.051328632906760756,
    0.04740343639300959,
    0.05076453173600061,
    0.03856455205593803,
    0.037975074712213785,
    0.03665954996129719,
    0.03494171654895502,
    0.03527646314319006,
    0.033628745856233926,
    0.033897051389845674,
    0.03228300100779865,
    0.03367758348122099,
    0.03257177168003347,
    0.03194169391350764,
    0.03110400920307982,
    0.03172669863914717,
    0.030970738489840267,
    0.031050673409983888
  ],
  "val_accuracy": [
    0.9731,
    0.9808,
    0.9848,
    0.986,
    0.984,
    0.9888,
    0.99,
    0.9897,
    0.9907,
    0.9903,
    0.9907,
    0.9906,
    0.9917,
    0.9903,
    0.9917,
    0.9914,
    0.9915,
    0.9918,
    0.9918,
    0.9917
  ]
}