{
  "train_loss": [
    0.418300973579108,
    0.1554310084052091,
    0.11746580666621047,
    0.09914328941696864,
    0.08320439355288897,
    0.07083570176235447,
    0.0651189137282423,
    0.06081255305849197,
    0.061414592948360325,
    0.05709918188100714,
    0.05275079965880589,
    0.04823857085417091,
    0.05001352182130814,
    0.04723404418190419,
    0.048469248172517375,
    0.04601560325519067,
    0.04349049237599926,
    0.0420201331132619,
    0.04410106137641176,
    0.04444714618680272
  ],
  "train_accuracy": [
    0.86632,
    0.95214,
    0.96288,
    0.9692,
    0.97382,
    0.97756,
    0.97918,
    0.98158,
    0.98086,
    0.98224,
    0.98354,
    0.98424,
    0.98442,
    0.98526,
    0.985,
    0.98552,
    0.98634,
    0.98666,
    0.9861,
    0.9863
  ],
  "val_loss": [
    0.09550624397499738,
    0.06799408833027684,
    0.051328612963786144,
    0.04740310369818708,
    0.050764396275023514,
    0.038564406283617056,
    0.0379749907646097,
    0.03665948207594679,
    0.03494158499818701,
    0.035276393570424724,
    0.03362867429633281,
    0.03389686542912603,
    0.032282723112838585,
    0.03367731857193068,
    0.032571704555547205,
    0.031941463174683674,
    0.031103847155474852,
    0.031726512548155235,
    0.03097030760159512,
    0.0310504257519556
  ],
  "val_accuracy": [
    0.9731,
    0.9808,
    0.9848,
    0.986,
    0.984,
    0.9888,
    0.99,
    0.9897,
    0.9907,
    0.9903,
    0.9907,
    0.9906,
    0.9917,
    0.9903,
    0.9917,
    0.9914,
    0.9915,
    0.9918,
    0.9918,
    0.9917
  ]
}